ticker,num_comments,comment_sentiment_average,latest_comment_date,score,upvote_ratio,date,domain,num_crossposts,author,timestamp,commentdate
CLNE,33285,0.1901840490797546,0.0,2758,0.76,1623236156.0,self.wallstreetbets,3,OPINION_IS_UNPOPULAR,2021-06-09 06:55:56,1969-12-31 19:00:00
UWMC,566,0.30392156862745096,0.0,2199,0.85,1623373647.0,self.wallstreetbets,2,Sneerz,2021-06-10 21:07:27,1969-12-31 19:00:00
TSLA,737,0.2553191489361702,0.0,1443,0.91,1620577202.0,self.wallstreetbets,0,toydan,2021-05-09 12:20:02,1969-12-31 19:00:00
TSLA,673,0.11827956989247312,0.0,834,0.69,1620936693.0,self.wallstreetbets,0,TheB1ackPrince,2021-05-13 16:11:33,1969-12-31 19:00:00
TSLA,3241,0.06857142857142857,0.0,60268,0.88,1612319934.0,self.wallstreetbets,13,misterYOLOdolo,2021-02-02 21:38:54,1969-12-31 19:00:00
CLOV,33285,0.1901840490797546,0.0,2762,0.76,1623236156.0,self.wallstreetbets,3,OPINION_IS_UNPOPULAR,2021-06-09 06:55:56,1969-12-31 19:00:00
CLOV,31209,0.1704312114989733,0.0,4165,0.79,1623150479.0,self.wallstreetbets,6,OPINION_IS_UNPOPULAR,2021-06-08 07:07:59,1969-12-31 19:00:00
CLOV,11783,0.21443736730360935,0.0,1656,0.83,1623405619.0,self.wallstreetbets,1,VisualMod,2021-06-11 06:00:19,1969-12-31 19:00:00
CLOV,17831,0.2045929018789144,0.0,1533,0.79,1623319222.0,self.wallstreetbets,5,VisualMod,2021-06-10 06:00:22,1969-12-31 19:00:00
CLOV,7705,0.1291759465478842,0.0,1499,0.83,1623664829.0,self.wallstreetbets,1,VisualMod,2021-06-14 06:00:29,1969-12-31 19:00:00
CLOV,1619,0.053497942386831275,0.0,9461,0.86,1623157287.0,self.wallstreetbets,2,TheProdigalMaverick,2021-06-08 09:01:27,1969-12-31 19:00:00
F,936,0.026785714285714284,0.0,16972,0.93,1618066765.0,self.wallstreetbets,8,dejf2,2021-04-10 10:59:25,1969-12-31 19:00:00
CLOV,1881,0.3321554770318021,0.0,5960,0.75,1623078438.0,self.wallstreetbets,2,ShortChecker,2021-06-07 11:07:18,1969-12-31 19:00:00
GME,12534,0.2039911308203991,0.0,16820,0.86,1623232819.0,self.wallstreetbets,4,OPINION_IS_UNPOPULAR,2021-06-09 06:00:19,1969-12-31 19:00:00
GME,15249,0.15082644628099173,0.0,4658,0.89,1623060008.0,self.wallstreetbets,0,VisualMod,2021-06-07 06:00:08,1969-12-31 19:00:00
GME,4173,0.13903743315508021,0.0,2504,0.93,1623319449.0,self.wallstreetbets,3,OPINION_IS_UNPOPULAR,2021-06-10 06:04:09,1969-12-31 19:00:00
GME,3185,0.1553784860557769,0.0,23262,0.83,1621953649.0,self.wallstreetbets,4,undervaluedNgrowthy,2021-05-25 10:40:49,1969-12-31 19:00:00
GME,4586,0.18872549019607843,0.0,2505,0.93,1623007669.0,self.wallstreetbets,0,VisualMod,2021-06-06 15:27:49,1969-12-31 19:00:00
GME,36235,0.15011037527593818,0.0,26503,0.86,1618399813.0,self.wallstreetbets,1,OPINION_IS_UNPOPULAR,2021-04-14 07:30:13,1969-12-31 19:00:00
GME,1619,0.053497942386831275,0.0,9463,0.86,1623157287.0,self.wallstreetbets,2,TheProdigalMaverick,2021-06-08 09:01:27,1969-12-31 19:00:00
DKNG,6582,0.19545454545454546,0.0,861,0.82,1623837666.0,self.wallstreetbets,1,VisualMod,2021-06-16 06:01:06,1969-12-31 19:00:00
AMZN,616,0.38392857142857145,0.0,2733,0.86,1623715418.0,self.wallstreetbets,3,NrdRage,2021-06-14 20:03:38,1969-12-31 19:00:00
WKHS,518,0.21226415094339623,0.0,1624,0.74,1623248291.0,self.wallstreetbets,10,Poor_Literature_,2021-06-09 10:18:11,1969-12-31 19:00:00
CLOV,1062,0.1762917933130699,0.0,3424,0.75,1623252184.0,self.wallstreetbets,4,Metropolis1,2021-06-09 11:23:04,1969-12-31 19:00:00
CRSR,7220,0.19910514541387025,0.0,1098,0.82,1623751236.0,self.wallstreetbets,1,VisualMod,2021-06-15 06:00:36,1969-12-31 19:00:00
TSLA,1737,-0.07368421052631578,0.0,16646,0.77,1620993021.0,self.wallstreetbets,11,roman_axt,2021-05-14 07:50:21,1969-12-31 19:00:00
BB,3254,0.10570824524312897,0.0,498,0.82,1624010441.0,self.wallstreetbets,0,VisualMod,2021-06-18 06:00:41,1969-12-31 19:00:00
CLNE,8505,0.1437371663244353,0.0,1194,0.86,1623924039.0,self.wallstreetbets,3,VisualMod,2021-06-17 06:00:39,1969-12-31 19:00:00
CLNE,17831,0.2045929018789144,0.0,1533,0.79,1623319222.0,self.wallstreetbets,5,VisualMod,2021-06-10 06:00:22,1969-12-31 19:00:00
CLNE,6582,0.19545454545454546,0.0,860,0.82,1623837666.0,self.wallstreetbets,1,VisualMod,2021-06-16 06:01:06,1969-12-31 19:00:00
CLNE,7220,0.19910514541387025,0.0,1102,0.82,1623751236.0,self.wallstreetbets,1,VisualMod,2021-06-15 06:00:36,1969-12-31 19:00:00
CLNE,616,0.38392857142857145,0.0,2735,0.86,1623715418.0,self.wallstreetbets,3,NrdRage,2021-06-14 20:03:38,1969-12-31 19:00:00
CLNE,544,0.4293193717277487,0.0,2503,0.79,1623417435.0,self.wallstreetbets,4,Crafty_Charge,2021-06-11 09:17:15,1969-12-31 19:00:00
CRSR,558,0.4627659574468085,0.0,1695,0.86,1623422259.0,self.wallstreetbets,0,GRAPE_FRUIT_EXTRACT,2021-06-11 10:37:39,1969-12-31 19:00:00
AMC,31209,0.1704312114989733,0.0,4175,0.79,1623150479.0,self.wallstreetbets,6,OPINION_IS_UNPOPULAR,2021-06-08 07:07:59,1969-12-31 19:00:00
AMC,15249,0.15082644628099173,0.0,4654,0.89,1623060008.0,self.wallstreetbets,0,VisualMod,2021-06-07 06:00:08,1969-12-31 19:00:00
CRSR,1246,0.2591093117408907,0.0,8730,0.81,1623674520.0,self.wallstreetbets,0,GRAPE_FRUIT_EXTRACT,2021-06-14 08:42:00,1969-12-31 19:00:00
AMC,8505,0.1437371663244353,0.0,1192,0.86,1623924039.0,self.wallstreetbets,3,VisualMod,2021-06-17 06:00:39,1969-12-31 19:00:00
AMC,7705,0.1291759465478842,0.0,1496,0.83,1623664829.0,self.wallstreetbets,1,VisualMod,2021-06-14 06:00:29,1969-12-31 19:00:00
AMC,11783,0.21443736730360935,0.0,1651,0.83,1623405619.0,self.wallstreetbets,1,VisualMod,2021-06-11 06:00:19,1969-12-31 19:00:00
AMC,6582,0.19545454545454546,0.0,856,0.82,1623837666.0,self.wallstreetbets,1,VisualMod,2021-06-16 06:01:06,1969-12-31 19:00:00
BB,4586,0.18872549019607843,0.0,2501,0.93,1623007669.0,self.wallstreetbets,0,VisualMod,2021-06-06 15:27:49,1969-12-31 19:00:00
AMC,7220,0.19910514541387025,0.0,1102,0.82,1623751236.0,self.wallstreetbets,1,VisualMod,2021-06-15 06:00:36,1969-12-31 19:00:00
BB,8505,0.14168377823408623,0.0,1191,0.86,1623924039.0,self.wallstreetbets,3,VisualMod,2021-06-17 06:00:39,1969-12-31 19:00:00
BB,11783,0.21443736730360935,0.0,1656,0.83,1623405619.0,self.wallstreetbets,1,VisualMod,2021-06-11 06:00:19,1969-12-31 19:00:00
BB,7705,0.1291759465478842,0.0,1506,0.83,1623664829.0,self.wallstreetbets,1,VisualMod,2021-06-14 06:00:29,1969-12-31 19:00:00
BB,17831,0.2045929018789144,0.0,1535,0.79,1623319222.0,self.wallstreetbets,5,VisualMod,2021-06-10 06:00:22,1969-12-31 19:00:00
BB,15249,0.15082644628099173,0.0,4651,0.89,1623060008.0,self.wallstreetbets,0,VisualMod,2021-06-07 06:00:08,1969-12-31 19:00:00
BB,33285,0.1901840490797546,0.0,2757,0.76,1623236156.0,self.wallstreetbets,3,OPINION_IS_UNPOPULAR,2021-06-09 06:55:56,1969-12-31 19:00:00
BB,31209,0.1704312114989733,0.0,4177,0.79,1623150479.0,self.wallstreetbets,6,OPINION_IS_UNPOPULAR,2021-06-08 07:07:59,1969-12-31 19:00:00
UWMC,772,0.22957198443579765,0.0,2243,0.82,1623764958.0,self.wallstreetbets,0,The_Lotus_Kid,2021-06-15 09:49:18,1969-12-31 19:00:00
PRPL,35,0.4,1614873655.0,63,0.89,1614616728.0,self.wallstreetbets,0,dhsmatt2,2021-03-01 11:38:48,2021-03-04 11:00:55
PRPL,110,0.4,1614895132.0,241,0.91,1613748206.0,self.wallstreetbets,0,dhsmatt2,2021-02-19 10:23:26,2021-03-04 16:58:52
PRPL,184,0.5538461538461539,1618801868.0,888,0.95,1615437684.0,self.wallstreetbets,2,dhsmatt2,2021-03-10 23:41:24,2021-04-18 23:11:08
PRPL,235,0.3493975903614458,1619049579.0,536,0.9,1611988100.0,self.wallstreetbets,0,dhsmatt2,2021-01-30 01:28:20,2021-04-21 19:59:39
AAPL,119,0.24324324324324326,1619476426.0,186,0.78,1619322069.0,self.wallstreetbets,2,jjd1226,2021-04-24 23:41:09,2021-04-26 18:33:46
NNDM,33,0.6666666666666666,1619537526.0,76,0.84,1616016270.0,self.wallstreetbets,1,ManunitedRedDevil,2021-03-17 17:24:30,2021-04-27 11:32:06
NNDM,48,0.4,1619556494.0,106,0.95,1617291430.0,self.wallstreetbets,1,BiscuitsNbacon,2021-04-01 11:37:10,2021-04-27 16:48:14
AAPL,71,0.23529411764705882,1620087802.0,143,0.7,1620010039.0,self.wallstreetbets,0,CGPictures,2021-05-02 22:47:19,2021-05-03 20:23:22
AMZN,117,0.22,1620293126.0,127,0.76,1619723616.0,self.wallstreetbets,0,straydogindc,2021-04-29 15:13:36,2021-05-06 05:25:26
ET,34,0.058823529411764705,1620562648.0,32,0.78,1620488886.0,self.wallstreetbets,0,velocivix,2021-05-08 11:48:06,2021-05-09 08:17:28
ET,34,0.14814814814814814,1620872494.0,59,0.85,1620413414.0,self.wallstreetbets,1,Old_Prospect,2021-05-07 14:50:14,2021-05-12 22:21:34
NNDM,81,0.3333333333333333,1621040920.0,122,0.83,1619876954.0,self.wallstreetbets,0,CrystalPepsi10,2021-05-01 09:49:14,2021-05-14 21:08:40
AMD,317,0.29464285714285715,1621050148.0,863,0.88,1619631553.0,self.wallstreetbets,1,darkfiber-,2021-04-28 13:39:13,2021-05-14 23:42:28
PRPL,76,0.36585365853658536,1622052940.0,83,0.84,1621447229.0,self.wallstreetbets,0,dhsmatt2,2021-05-19 14:00:29,2021-05-26 14:15:40
NVDA,25,0.3,1622062563.0,24,0.83,1621994000.0,self.wallstreetbets,0,HiddenGooru,2021-05-25 21:53:20,2021-05-26 16:56:03
NNDM,10,-0.16666666666666666,1622095658.0,6,0.6,1620245870.0,self.wallstreetbets,0,couchbro1,2021-05-05 16:17:50,2021-05-27 02:07:38
AMD,226,0.3026315789473684,1622585664.0,449,0.88,1622477061.0,self.wallstreetbets,0,FilayJ,2021-05-31 12:04:21,2021-06-01 18:14:24
NIO,92,-0.08333333333333333,1622650099.0,115,0.85,1622326855.0,self.wallstreetbets,0,jjd1226,2021-05-29 18:20:55,2021-06-02 12:08:19
AMZN,56,0.391304347826087,1622693984.0,70,0.9,1622664036.0,self.wallstreetbets,0,Model3Driver,2021-06-02 16:00:36,2021-06-03 00:19:44
ET,18,0.375,1622817468.0,3,0.53,1622789149.0,self.wallstreetbets,0,Rattlessnakes,2021-06-04 02:45:49,2021-06-04 10:37:48
NNDM,20,0.14285714285714285,1622902456.0,93,0.85,1622830342.0,self.wallstreetbets,0,SpockOnPilgrimage,2021-06-04 14:12:22,2021-06-05 10:14:16
NVDA,37,0.4444444444444444,1623116389.0,27,0.73,1623103478.0,self.wallstreetbets,0,sokolowskidj0,2021-06-07 18:04:38,2021-06-07 21:39:49
SOFI,85,0.30434782608695654,1623185877.0,308,0.9,1622628803.0,self.wallstreetbets,0,aaplfarm,2021-06-02 06:13:23,2021-06-08 16:57:57
PRPL,45,0.05,1623239510.0,25,0.66,1621823036.0,self.wallstreetbets,0,JDUB0044,2021-05-23 22:23:56,2021-06-09 07:51:50
TLRY,248,0.32,1623281705.0,524,0.88,1621959482.0,self.wallstreetbets,1,stockpresident,2021-05-25 12:18:02,2021-06-09 19:35:05
SOFI,49,0.3076923076923077,1623339961.0,301,0.96,1623184066.0,self.wallstreetbets,1,WheresMyToiletPaper,2021-06-08 16:27:46,2021-06-10 11:46:01
ASO,91,0.25,1623368181.0,119,0.8,1623076543.0,self.wallstreetbets,0,BIRBIGD99,2021-06-07 10:35:43,2021-06-10 19:36:21
AAPL,44,0.2857142857142857,1623420985.0,8,0.58,1622753222.0,self.wallstreetbets,0,binhp,2021-06-03 16:47:02,2021-06-11 10:16:25
TLRY,117,0.48,1623434138.0,409,0.84,1623282349.0,self.wallstreetbets,2,zeinvestor,2021-06-09 19:45:49,2021-06-11 13:55:38
TLRY,252,0.3113207547169811,1623470430.0,661,0.91,1622223208.0,self.wallstreetbets,2,IMAP5tuff,2021-05-28 13:33:28,2021-06-12 00:00:30
CRSR,169,0.3582089552238806,1623588172.0,541,0.84,1623508530.0,self.wallstreetbets,0,relam10,2021-06-12 10:35:30,2021-06-13 08:42:52
SOFI,76,0.3,1623621415.0,404,0.88,1622577906.0,self.wallstreetbets,0,Dreamonsir,2021-06-01 16:05:06,2021-06-13 17:56:55
WKHS,401,0.21359223300970873,1623629152.0,1731,0.87,1622740294.0,self.wallstreetbets,1,ProStrats,2021-06-03 13:11:34,2021-06-13 20:05:52
ASO,113,0.09090909090909091,1623688323.0,196,0.75,1623625021.0,self.wallstreetbets,0,mypenismychoice,2021-06-13 18:57:01,2021-06-14 12:32:03
F,135,0.4,1623695668.0,437,0.93,1622831825.0,self.wallstreetbets,0,DontMicrowaveCats,2021-06-04 14:37:05,2021-06-14 14:34:28
ASO,77,0.5,1623698568.0,101,0.81,1623456308.0,self.wallstreetbets,0,mypenismychoice,2021-06-11 20:05:08,2021-06-14 15:22:48
SOFI,29,0.21428571428571427,1623715922.0,99,0.81,1623686813.0,self.wallstreetbets,1,SCModerate,2021-06-14 12:06:53,2021-06-14 20:12:02
ET,18,0.125,1623720960.0,28,0.69,1623698680.0,self.wallstreetbets,0,-narf-,2021-06-14 15:24:40,2021-06-14 21:36:00
CRSR,373,0.13636363636363635,1623732143.0,1466,0.88,1623620684.0,self.wallstreetbets,6,jjd1226,2021-06-13 17:44:44,2021-06-15 00:42:23
ASO,54,0.34615384615384615,1623771549.0,116,0.7,1623689925.0,self.wallstreetbets,0,mypenismychoice,2021-06-14 12:58:45,2021-06-15 11:39:09
UWMC,347,0.45528455284552843,1623779390.0,1529,0.84,1623283531.0,self.wallstreetbets,1,Sneerz,2021-06-09 20:05:31,2021-06-15 13:49:50
CLF,58,0.125,1623782838.0,216,0.74,1623762129.0,self.wallstreetbets,0,rerorero44,2021-06-15 09:02:09,2021-06-15 14:47:18
WKHS,167,0.25,1623783656.0,800,0.79,1623720180.0,self.wallstreetbets,1,TheMarketBoard,2021-06-14 21:23:00,2021-06-15 15:00:56
AMD,100,0.6666666666666666,1623784207.0,126,0.78,1623692737.0,self.wallstreetbets,1,Ceezahr,2021-06-14 13:45:37,2021-06-15 15:10:07
AMD,43,0.6,1623784523.0,93,0.77,1623723759.0,self.wallstreetbets,0,snkbrdng,2021-06-14 22:22:39,2021-06-15 15:15:23
TLRY,198,0.325,1623793132.0,642,0.91,1622721654.0,self.wallstreetbets,5,stockpresident,2021-06-03 08:00:54,2021-06-15 17:38:52
DKNG,86,-0.13043478260869565,1623812290.0,250,0.73,1623774713.0,self.wallstreetbets,1,Ariiiiid,2021-06-15 12:31:53,2021-06-15 22:58:10
DKNG,132,0.08695652173913043,1623825174.0,424,0.74,1623765051.0,self.wallstreetbets,0,RadicalFarCenter,2021-06-15 09:50:51,2021-06-16 02:32:54
F,132,0.08695652173913043,1623825174.0,421,0.74,1623765051.0,self.wallstreetbets,0,RadicalFarCenter,2021-06-15 09:50:51,2021-06-16 02:32:54
TLRY,137,0.32142857142857145,1623846260.0,427,0.89,1623234358.0,self.wallstreetbets,1,TrrDemo,2021-06-09 06:25:58,2021-06-16 08:24:20
TLRY,144,0.37254901960784315,1623851173.0,326,0.92,1623343866.0,self.wallstreetbets,2,atomMD,2021-06-10 12:51:06,2021-06-16 09:46:13
CLF,67,0.48148148148148145,1623856545.0,334,0.79,1623780231.0,self.wallstreetbets,1,PurportedGamer,2021-06-15 14:03:51,2021-06-16 11:15:45
DKNG,84,0.034482758620689655,1623862884.0,246,0.74,1623777779.0,self.wallstreetbets,0,romayyne,2021-06-15 13:22:59,2021-06-16 13:01:24
NNDM,129,0.13725490196078433,1623869992.0,229,0.85,1623243838.0,self.wallstreetbets,3,Balr0g,2021-06-09 09:03:58,2021-06-16 14:59:52
WKHS,322,0.23255813953488372,1623874641.0,978,0.93,1622671841.0,self.wallstreetbets,3,edar29,2021-06-02 18:10:41,2021-06-16 16:17:21
WKHS,293,0.2689075630252101,1623877593.0,1336,0.85,1623607356.0,self.wallstreetbets,0,miltoneumesmo,2021-06-13 14:02:36,2021-06-16 17:06:33
UWMC,293,0.2689075630252101,1623877593.0,1330,0.85,1623607356.0,self.wallstreetbets,0,miltoneumesmo,2021-06-13 14:02:36,2021-06-16 17:06:33
ASO,69,0.3888888888888889,1623884536.0,166,0.78,1623809714.0,self.wallstreetbets,3,n8hckns,2021-06-15 22:15:14,2021-06-16 19:02:16
ASO,65,0.37037037037037035,1623887651.0,97,0.74,1623859331.0,self.wallstreetbets,0,TSLA_WHISPERER,2021-06-16 12:02:11,2021-06-16 19:54:11
SOFI,46,0.26666666666666666,1623888096.0,120,0.78,1623331511.0,self.wallstreetbets,0,hikerboy20,2021-06-10 09:25:11,2021-06-16 20:01:36
F,67,0.25,1623892362.0,116,0.86,1623254708.0,self.wallstreetbets,2,Stonkgang_,2021-06-09 12:05:08,2021-06-16 21:12:42
ET,51,0.2,1623896372.0,91,0.83,1622828362.0,self.wallstreetbets,1,Philly2LA,2021-06-04 13:39:22,2021-06-16 22:19:32
ITUB,75,0.22857142857142856,1623901375.0,217,0.78,1623859819.0,self.wallstreetbets,6,n8hckns,2021-06-16 12:10:19,2021-06-16 23:42:55
TLRY,360,0.31875,1623903154.0,1154,0.85,1623606249.0,self.wallstreetbets,1,dogwithpeanutbutter,2021-06-13 13:44:09,2021-06-17 00:12:34
WKHS,360,0.31875,1623903154.0,1156,0.85,1623606249.0,self.wallstreetbets,1,dogwithpeanutbutter,2021-06-13 13:44:09,2021-06-17 00:12:34
ITUB,61,0.44,1623919463.0,190,0.73,1623891301.0,self.wallstreetbets,1,n8hckns,2021-06-16 20:55:01,2021-06-17 04:44:23
WKHS,290,0.3853211009174312,1623920830.0,1051,0.81,1623347010.0,self.wallstreetbets,1,Crylst,2021-06-10 13:43:30,2021-06-17 05:07:10
UWMC,480,0.33980582524271846,1623927012.0,1324,0.8,1623428400.0,self.wallstreetbets,2,shreddedthrowaway1,2021-06-11 12:20:00,2021-06-17 06:50:12
F,90,-0.2,1623931927.0,154,0.78,1623642447.0,self.wallstreetbets,0,DowntownDish7264,2021-06-13 23:47:27,2021-06-17 08:12:07
ET,21,0.4444444444444444,1623937505.0,24,0.67,1623895402.0,self.wallstreetbets,1,TckleMeElmo,2021-06-16 22:03:22,2021-06-17 09:45:05
ITUB,52,0.2631578947368421,1623937703.0,135,0.77,1623872777.0,self.wallstreetbets,1,black_hoodie_rap,2021-06-16 15:46:17,2021-06-17 09:48:23
ASO,112,0.4307692307692308,1623938339.0,234,0.81,1623359876.0,self.wallstreetbets,2,BIRBIGD99,2021-06-10 17:17:56,2021-06-17 09:58:59
DKNG,154,-0.034482758620689655,1623938553.0,291,0.79,1623851853.0,self.wallstreetbets,1,TheHappyItalianMan,2021-06-16 09:57:33,2021-06-17 10:02:33
ITUB,66,0.4,1623943711.0,170,0.79,1623879085.0,self.wallstreetbets,1,GhostOfGregDoucette,2021-06-16 17:31:25,2021-06-17 11:28:31
CLF,425,0.27941176470588236,1623948686.0,1076,0.82,1623843055.0,self.wallstreetbets,2,rerorero44,2021-06-16 07:30:55,2021-06-17 12:51:26
PRPL,16,-0.2222222222222222,1623954174.0,33,0.76,1623946135.0,self.wallstreetbets,0,SheriffVA,2021-06-17 12:08:55,2021-06-17 14:22:54
NIO,60,0.3333333333333333,1623958315.0,73,0.66,1623764376.0,self.wallstreetbets,0,Lost-Guarantee229,2021-06-15 09:39:36,2021-06-17 15:31:55
CRSR,405,0.18032786885245902,1623958500.0,1472,0.88,1623701764.0,self.wallstreetbets,4,Chillznday,2021-06-14 16:16:04,2021-06-17 15:35:00
TLRY,65,0.52,1623958558.0,116,0.76,1623789794.0,self.wallstreetbets,0,the_ryan_ford,2021-06-15 16:43:14,2021-06-17 15:35:58
ITUB,285,0.05217391304347826,1623958626.0,594,0.8,1623855599.0,self.wallstreetbets,3,Aphromatic,2021-06-16 10:59:59,2021-06-17 15:37:06
NIO,38,0.4166666666666667,1623958671.0,30,0.61,1623686018.0,self.wallstreetbets,2,RealMurse,2021-06-14 11:53:38,2021-06-17 15:37:51
SOFI,230,0.17391304347826086,1623958823.0,384,0.86,1623531780.0,self.wallstreetbets,2,ihave1vice,2021-06-12 17:03:00,2021-06-17 15:40:23
NIO,203,0.2967032967032967,1623963281.0,704,0.84,1623493612.0,self.wallstreetbets,0,Original-Setting-266,2021-06-12 06:26:52,2021-06-17 16:54:41
PLTR,321,0.22875816993464052,1623968338.0,1413,0.83,1623724072.0,self.wallstreetbets,2,ethanplee,2021-06-14 22:27:52,2021-06-17 18:18:58
AMD,238,0.3076923076923077,1623980296.0,216,0.76,1623561732.0,self.wallstreetbets,0,MrObviouslyRight,2021-06-13 01:22:12,2021-06-17 21:38:16
ASO,79,0.4857142857142857,1623987660.0,105,0.74,1623938398.0,self.wallstreetbets,0,absolutcity,2021-06-17 09:59:58,2021-06-17 23:41:00
PRPL,26,0.42857142857142855,1624001210.0,27,0.7,1623959620.0,self.wallstreetbets,0,commodoregoat,2021-06-17 15:53:40,2021-06-18 03:26:50
CRSR,241,0.25862068965517243,1624002051.0,366,0.66,1623926031.0,self.wallstreetbets,0,Bobbydarloe101,2021-06-17 06:33:51,2021-06-18 03:40:51
UWMC,256,0.4431818181818182,1624011368.0,788,0.76,1623795073.0,self.wallstreetbets,1,deadwashere,2021-06-15 18:11:13,2021-06-18 06:16:08
PLTR,182,0.3333333333333333,1624012750.0,692,0.9,1623960424.0,self.wallstreetbets,1,Chillznday,2021-06-17 16:07:04,2021-06-18 06:39:10
CLF,182,0.3333333333333333,1624012750.0,696,0.9,1623960424.0,self.wallstreetbets,1,Chillznday,2021-06-17 16:07:04,2021-06-18 06:39:10
WKHS,182,0.3333333333333333,1624012750.0,689,0.9,1623960424.0,self.wallstreetbets,1,Chillznday,2021-06-17 16:07:04,2021-06-18 06:39:10
AMZN,119,0.2222222222222222,1624013289.0,425,0.74,1623929946.0,self.wallstreetbets,0,lcstevens5,2021-06-17 07:39:06,2021-06-18 06:48:09
ITUB,356,0.18518518518518517,1624022993.0,1051,0.92,1623874014.0,self.wallstreetbets,5,Chillznday,2021-06-16 16:06:54,2021-06-18 09:29:53
WKHS,356,0.18518518518518517,1624022993.0,1051,0.92,1623874014.0,self.wallstreetbets,5,Chillznday,2021-06-16 16:06:54,2021-06-18 09:29:53
CLNE,356,0.18518518518518517,1624022993.0,1050,0.92,1623874014.0,self.wallstreetbets,5,Chillznday,2021-06-16 16:06:54,2021-06-18 09:29:53
DKNG,356,0.18518518518518517,1624022993.0,1054,0.92,1623874014.0,self.wallstreetbets,5,Chillznday,2021-06-16 16:06:54,2021-06-18 09:29:53
UWMC,216,0.423728813559322,1624024892.0,801,0.82,1623973461.0,self.wallstreetbets,1,Yoshi69Killer,2021-06-17 19:44:21,2021-06-18 10:01:32
AMD,107,0.36363636363636365,1624025501.0,117,0.74,1623966248.0,self.wallstreetbets,0,MrObviouslyRight,2021-06-17 17:44:08,2021-06-18 10:11:41
CLF,64,0.4782608695652174,1624025639.0,304,0.82,1623889121.0,self.wallstreetbets,3,tickerwizards,2021-06-16 20:18:41,2021-06-18 10:13:59
TSLA,47,0.08333333333333333,1624025698.0,55,0.7,1624005595.0,self.wallstreetbets,0,Mbhound,2021-06-18 04:39:55,2021-06-18 10:14:58
DKNG,84,-0.11764705882352941,1624026395.0,124,0.74,1623897274.0,self.wallstreetbets,0,romayyne,2021-06-16 22:34:34,2021-06-18 10:26:35
ITUB,77,0.2,1624027440.0,157,0.72,1623926529.0,self.wallstreetbets,1,sultanmirza007,2021-06-17 06:42:09,2021-06-18 10:44:00
UWMC,334,0.15789473684210525,1624028098.0,879,0.76,1623959665.0,self.wallstreetbets,2,Studcracker,2021-06-17 15:54:25,2021-06-18 10:54:58
NNDM,311,0.46534653465346537,1624029217.0,591,0.77,1623932499.0,self.wallstreetbets,2,Fugaazzi,2021-06-17 08:21:39,2021-06-18 11:13:37
